<?xml version="1.0" encoding="utf-8"?>
<!--
/*
** Copyright 2006, The Android Open Source Project
**
** Licensed under the Apache License, Version 2.0 (the "License");
** you may not use this file except in compliance with the License.
** You may obtain a copy of the License at
**
**     http://www.apache.org/licenses/LICENSE-2.0
**
** Unless required by applicable law or agreed to in writing, software
** distributed under the License is distributed on an "AS IS" BASIS,
** WITHOUT WARRANTIES OR CONDITIONS OF ANY KIND, either express or implied.
** See the License for the specific language governing permissions and
** limitations under the License.
*/
-->

<!-- use empty string to specify no proxy or port -->

<!-- If you edit this version, also edit the version in the partner-supplied 
    apns-conf.xml configuration file -->
<apns version="6">
<!-- GW620 Eve setting Starts -->		
  <!-- GB O2 default and MMS -->
	<apn carrier="O2 Pay monthly"
		mcc="234" 
		mnc="10" 
		apn="wap.o2.co.uk"
		user="o2wap" 
		server="" 
		password="password" 
		proxy="193.113.200.195" 
		port="8080"
		mmsproxy="193.113.200.195" 
		mmsport="8080" 
		mmsc="http://mmsc.mms.o2.co.uk:8002"
		type=""
		preferapp="" /> 

  <!-- GB O2_PrePaid default and MMS -->
	<apn carrier="O2 Pay and Go" 
		mcc="234" 
		mnc="10" 
		apn="payandgo.o2.co.uk"
		user="payandgo" 
		server="" 
		password="password" 
		proxy="193.113.200.195" 
		port="8080"
		mmsproxy="193.113.200.195" 
		mmsport="8080" 
		mmsc="http://mmsc.mms.o2.co.uk:8002"
		type=""
		preferapp="" /> 
		  
  <!-- GB ASDA default and MMS -->
	<apn carrier="ASDA WAP" 
		mcc="234" 
		mnc="15" 
		apn="asdamobiles.co.uk"
		user="wap" 
		server="" 
		password="wap" 
		proxy="212.183.137.012" 
		port="8799"
		mmsproxy="212.183.137.012" 
		mmsport="8799" 
		mmsc="http://mms.asdamobiles.co.uk/servlets/mms"
		type=""
		preferapp="" /> 
		
  <!-- GB H3G default and MMS -->
	<apn carrier="3 Services" 
		mcc="234" 
		mnc="20" 
		apn="three.co.uk"
		user="" 
		server="" 
		password="" 
		proxy="" 
		port=""
		mmsproxy="mms.three.co.uk" 
		mmsport="8799" 
		mmsc="http://mms.um.three.co.uk:10021/mmsc"
		type=""
		preferapp="" /> 
		
  <!-- GB ORG default-->
	<apn carrier="Orange Internet" 
		mcc="234" 
		mnc="33" 
		apn="orangeinternet"
		user="" 
		server="" 
		password="" 
		proxy="" 
		port=""
		mmsproxy="" 
		mmsport="" 
		mmsc=""
		type="default"
		preferapp="" /> 
  
  <!-- GB ORG MMS-->
	<apn carrier="Orange MMS" 
		mcc="234" 
		mnc="33" 
		apn="orangemms"
		user="" 
		server="" 
		password="" 
		proxy="" 
		port=""
		mmsproxy="192.168.224.010" 
		mmsport="8080" 
		mmsc="http://mms.orange.co.uk/"
		type="mms"
		preferapp="" />
		
  <!-- GB TalkMobile default-->
	<apn carrier="Talkmob WAP" 
		mcc="234" 
		mnc="15" 
		apn="talkmobile.co.uk"
		user="wap" 
		server="" 
		password="" 
		proxy="212.183.137.012" 
		port="8799"
		mmsproxy="" 
		mmsport="" 
		mmsc=""
		type="default"
		preferapp="" /> 
  
  <!-- GB TalkMobile MMS-->
	<apn carrier="Talkmob PAYG MMS" 
		mcc="234" 
		mnc="15" 
		apn="payg.talkmobile.co.uk"
		user="wap" 
		server="" 
		password="wap" 
		proxy="" 
		port=""
		mmsproxy="212.183.137.012" 
		mmsport="8799" 
		mmsc="http://mms.talkmobile.co.uk/servlets/mms"
		type="mms"
		preferapp="" />
		
  <!-- GB Tesco default and MMS -->
	<apn carrier="Tesco WAP GPRS" 
		mcc="234" 
		mnc="10" 
		apn="prepay.tesco-mobile.com"
		user="tescowap" 
		server="" 
		password="password" 
		proxy="193.113.200.195" 
		port="8080"
		mmsproxy="193.113.200.195" 
		mmsport="8080" 
		mmsc="http://mmsc.mms.o2.co.uk:8002"
		type=""
		preferapp="" /> 
		
  <!-- GB T-Mobile default and MMS -->
	<apn carrier="T-Mobile Internet" 
		mcc="234" 
		mnc="30" 
		apn="general.t-mobile.uk"
		user="t-mobile" 
		server="" 
		password="tm" 
		proxy=""
		port=""
		mmsproxy="149.254.201.135" 
		mmsport="8080" 
		mmsc="http://mmsc.t-mobile.co.uk:8002"
		type=""
		preferapp="" /> 
		
  <!-- GB T-Mobile default and MMS -->
	<apn carrier="T-Mobile Internet" 
		mcc="234" 
		mnc="31" 
		apn="general.t-mobile.uk"
		user="t-mobile" 
		server="" 
		password="tm"
		proxy=""
		port=""
		mmsproxy="149.254.201.135" 
		mmsport="8080" 
		mmsc="http://mmsc.t-mobile.co.uk:8002"
		type=""
		preferapp="" /> 
		
  <!-- GB T-Mobile default and MMS -->
	<apn carrier="T-Mobile Internet" 
		mcc="234" 
		mnc="32" 
		apn="general.t-mobile.uk"
		user="t-mobile" 
		server="" 
		password="tm" 
		proxy="" 
		port=""
		mmsproxy="149.254.201.135" 
		mmsport="8080" 
		mmsc="http://mmsc.t-mobile.co.uk:8002"
		type=""
		preferapp="" /> 
		
  <!-- GB Virgin default and MMS -->
	<apn carrier="Virgin GPRS" 
		mcc="234" 
		mnc="30" 
		apn="goto.virginmobile.uk"
		user="user" 
		server="" 
		password="" 
		proxy="193.030.166.004" 
		port="8080"
		mmsproxy="193.030.166.002" 
		mmsport="8080" 
		mmsc="http://mms.virginmobile.co.uk:8002"
		type=""
		preferapp="" /> 
		
  <!-- GB VDF default and MMS -->
	<apn carrier="Contract WAP" 
		mcc="234" 
		mnc="15" 
		apn="wap.vodafone.co.uk"
		user="wap" 
		server="" 
		password="wap" 
		proxy="212.183.137.012" 
		port="8799"
		mmsproxy="212.183.137.012" 
		mmsport="8799" 
		mmsc="http://mms.vodafone.co.uk/servlets/mms"
		type=""
		preferapp="" /> 
		
  <!-- PL ERA default-->
	<apn carrier="Era WAP" 
		mcc="260" 
		mnc="02" 
		apn="erainternet"
		user="" 
		server="" 
		password="" 
		proxy="213.158.194.229" 
		port="8080"
		mmsproxy="" 
		mmsport="" 
		mmsc=""
		type="default"
		preferapp="" /> 
  
  <!-- PL ERA MMS-->
	<apn carrier="Era MMS" 
		mcc="260" 
		mnc="02" 
		apn="eramms"
		user="" 
		server="" 
		password="" 
		proxy="" 
		port=""
		mmsproxy="213.158.194.226" 
		mmsport="8080" 
		mmsc="http://mms.era.pl/servlets/mms"
		type="mms"
		preferapp="" />
		
  <!-- PL Heyah default-->
	<apn carrier="Heyah WAP" 
		mcc="260" 
		mnc="02" 
		apn="heyah.pl"
		user="heyah" 
		server="" 
		password="heyah" 
		proxy="213.158.194.229" 
		port="8080"
		mmsproxy="" 
		mmsport="" 
		mmsc=""
		type="default"
		preferapp="" /> 
  
  <!-- PL Heyah MMS-->
	<apn carrier="Heyah MMS" 
		mcc="260" 
		mnc="02" 
		apn="heyahmms"
		user="heyah" 
		server="" 
		password="heyah" 
		proxy="" 
		port=""
		mmsproxy="213.158.194.226" 
		mmsport="8080" 
		mmsc="http://mms.heyah.pl/servlets/mms"
		type="mms"
		preferapp="" />
		
  <!-- PL ORG default-->
	<apn carrier="Orange WAP" 
		mcc="260" 
		mnc="03" 
		apn="wap"
		user="wap" 
		server="" 
		password="wap" 
		proxy="192.168.006.102" 
		port="8080"
		mmsproxy="" 
		mmsport="" 
		mmsc=""
		type="default"
		preferapp="" /> 
	<apn carrier="Orange Internet" 
		mcc="260" 
		mnc="03" 
		apn="internet"
		user="internet" 
		server="" 
		password="internet" 
		proxy="" 
		port=""
		mmsproxy="" 
		mmsport="" 
		mmsc=""
		type=""
		preferapp="" /> 
  
  <!-- PL ORG MMS-->
	<apn carrier="Orange MMS" 
		mcc="260" 
		mnc="03" 
		apn="mms"
		user="mms" 
		server="" 
		password="mms" 
		proxy="" 
		port=""
		mmsproxy="192.168.006.104" 
		mmsport="8080" 
		mmsc="http://mms.orange.pl"
		type="mms"
		preferapp="" />
		
  <!-- PL Play default-->
	<apn carrier="Play WAP" 
		mcc="260" 
		mnc="06" 
		apn="wap"
		user="" 
		server="" 
		password="" 
		proxy="010.010.025.005" 
		port="8080"
		mmsproxy="" 
		mmsport="" 
		mmsc=""
		type="default"
		preferapp="" /> 
	<!--PL Play Internet-->
	<apn carrier="Play Internet" 
		mcc="260" 
		mnc="06" 
		apn="internet"
		user="" 
		server="" 
		password="" 
		proxy="" 
		port=""
		mmsproxy="" 
		mmsport="" 
		mmsc=""
		type=""
		preferapp="" /> 
  
  <!-- PL Play MMS-->
	<apn carrier="Play MMS" 
		mcc="260" 
		mnc="06" 
		apn="mms"
		user="" 
		server="" 
		password="" 
		proxy="" 
		port=""
		mmsproxy="010.010.025.005" 
		mmsport="8080" 
		mmsc="http://10.10.28.164/mms/wapenc"
		type="mms"
		preferapp="" />
		
  <!-- PL Plus default-->
	<apn carrier="Plus WAP" 
		mcc="260" 
		mnc="01" 
		apn="wap.plusgsm.pl"
		user="" 
		server="" 
		password="" 
		proxy="212.002.096.016" 
		port="8080"
		mmsproxy="" 
		mmsport="" 
		mmsc=""
		type="default"
		preferapp="" /> 
  
  <!-- PL Plus MMS-->
	<apn carrier="Plus MMS" 
		mcc="260" 
		mnc="01" 
		apn="mms.plusgsm.pl"
		user="" 
		server="" 
		password="" 
		proxy="" 
		port=""
		mmsproxy="212.002.096.016" 
		mmsport="8080" 
		mmsc="http://mms.plusgsm.pl:8002/"
		type="mms"
		preferapp="" />
		
  <!-- PT Optimus default and MMS -->
	<apn carrier="Optimus" 
		mcc="268" 
		mnc="03" 
		apn="umts"
		user="" 
		server="" 
		password="" 
		proxy="062.169.066.005" 
		port="8799"
		mmsproxy="062.169.066.005" 
		mmsport="8799" 
		mmsc="http://mmsc:10021/mmsc"
		type=""
		preferapp="" /> 
  
    <!-- PT TMN default-->
	<apn carrier="wap tmn" 
		mcc="268" 
		mnc="06" 
		apn="wap.tmn.pt"
		user="tmn" 
		server="" 
		password="tmnnet" 
		proxy="172.030.002.022" 
		port="80"
		mmsproxy="" 
		mmsport="" 
		mmsc=""
		type="default"
		preferapp="" /> 
  
  <!-- PT TMN MMS-->
	<apn carrier="MMS TMN" 
		mcc="268" 
		mnc="06" 
		apn="mmsc.tmn.pt"
		user="tmn" 
		server="" 
		password="tmnnet" 
		proxy="" 
		port=""
		mmsproxy="010.111.002.016" 
		mmsport="8080" 
		mmsc="http://mmsc/"
		type="mms"
		preferapp="" />
		
  <!-- PT VDF default-->
	<apn carrier="Vodafone life!" 
		mcc="268" 
		mnc="01" 
		apn="wap.vodafone.pt"
		user="wap" 
		server="" 
		password="wap" 
		proxy="172.016.019.050" 
		port="8799"
		mmsproxy="" 
		mmsport="" 
		mmsc=""
		type="default"
		preferapp="" /> 
	<apn carrier="Internet Vodafone"
	    mcc="268"
		mnc="01"
		apn="internet.vodafone.pt"
		user="" 
		server="" 
		password="" 
		proxy="" 
		port=""
		mmsproxy="" 
		mmsport="" 
		mmsc=""
		type=""
		preferapp="" />
  
  <!-- PT VDF MMS-->
	<apn carrier="MMS Vodafone" 
		mcc="268" 
		mnc="01" 
		apn="vas.vodafone.pt"
		user="vas" 
		server="" 
		password="vas" 
		proxy="" 
		port=""
		mmsproxy="213.030.027.063" 
		mmsport="8799" 
		mmsc="http://mms/servlets/mms"
		type="mms"
		preferapp="" />
		
  <!-- SW 3SE default and MMS -->
	<apn carrier="Planet 3" 
		mcc="240" 
		mnc="02" 
		apn="data.tre.se"
		user="" 
		server="" 
		password="" 
		proxy="" 
		port=""
		mmsproxy="mmsproxy.tre.se" 
		mmsport="8799" 
		mmsc="http://mms.tre.se"
		type=""
		preferapp="" /> 
 
  <!-- SW 3SE default and MMS -->
	<apn carrier="Planet 3" 
		mcc="240" 
		mnc="04" 
		apn="data.tre.se"
		user="" 
		server="" 
		password="" 
		proxy="" 
		port=""
		mmsproxy="mmsproxy.tre.se" 
		mmsport="8799" 
		mmsc="http://mms.tre.se"
		type=""
		preferapp="" /> 
		
  <!-- SW Tele2 default and MMS -->
	<apn carrier="Tele2 WAP" 
		mcc="240" 
		mnc="05" 
		apn="internet.tele2.se"
		user="" 
		server="" 
		password="" 
		proxy="130.244.196.090" 
		port="8080"
		mmsproxy="130.244.202.30" 
		mmsport="8080" 
		mmsc="http://mmsc.tele2.se"
		type=""
		preferapp="" /> 
		
  <!-- SW Tele2 default and MMS -->
	<apn carrier="Tele2 WAP" 
		mcc="240" 
		mnc="07" 
		apn="internet.tele2.se"
		user="" 
		server="" 
		password="" 
		proxy="130.244.196.090" 
		port="8080"
		mmsproxy="130.244.202.30" 
		mmsport="8080" 
		mmsc="http://mmsc.tele2.se"
		type=""
		preferapp="" /> 
		
  <!-- SW Telenor default-->
	<apn carrier="TelenorMobilsurf" 
		mcc="240" 
		mnc="08" 
		apn="services.telenor.se"
		user="" 
		server="" 
		password="" 
		proxy="172.030.253.241" 
		port="8799"
		mmsproxy="172.30.253.241" 
		mmsport="8799" 
		mmsc="http;//mms"
		type=""
		preferapp="" /> 

  <!-- SW Telia default-->
	<apn carrier="Telia SurfPort" 
		mcc="240" 
		mnc="01" 
		apn="online.telia.se"
		user="" 
		server="" 
		password="" 
		proxy="010.254.254.254" 
		port="8080"
		mmsproxy="" 
		mmsport="" 
		mmsc=""
		type="default"
		preferapp="" /> 
  
  <!-- SW Telia MMS-->
	<apn carrier="Telia MMS" 
		mcc="240" 
		mnc="01" 
		apn="mms.telia.se"
		user="" 
		server="" 
		password="" 
		proxy="" 
		port=""
		mmsproxy="193.209.134.132" 
		mmsport="80" 
		mmsc="http://mmss"
		type="mms"
		preferapp="" />
				
  <!-- SW Telia default-->
	<apn carrier="Telia SurfPort" 
		mcc="240" 
		mnc="05" 
		apn="online.telia.se"
		user="" 
		server="" 
		password="" 
		proxy="010.254.254.254" 
		port="8080"
		mmsproxy="" 
		mmsport="" 
		mmsc=""
		type="default"
		preferapp="" /> 
  
  <!-- SW Telia MMS-->
	<apn carrier="Telia MMS" 
		mcc="240" 
		mnc="05" 
		apn="mms.telia.se"
		user="" 
		server="" 
		password="" 
		proxy="" 
		port=""
		mmsproxy="193.209.134.132" 
		mmsport="80" 
		mmsc="http://mmss"
		type="mms"
		preferapp="" />
		
  <!-- IE 3 default and MMS -->
	<apn carrier="3 Services" 
		mcc="272" 
		mnc="05" 
		apn="3ireland.ie"
		user="" 
		server="" 
		password="" 
		proxy="" 
		port=""
		mmsproxy="mms.3ireland.ie" 
		mmsport="8799" 
		mmsc="http://mms.um.3ireland.ie:10021/mmsc"
		type=""
		preferapp="" /> 
		
  <!-- IE Meteor default-->
	<apn carrier="Meteor WAP" 
		mcc="272" 
		mnc="03" 
		apn="wap.mymeteor.ie"
		user="my" 
		server="" 
		password="wap" 
		proxy="010.085.085.085" 
		port="8799"
		mmsproxy="" 
		mmsport="" 
		mmsc=""
		type="default"
		preferapp="" /> 
  
  <!-- IE Meteor MMS-->
	<apn carrier="Meteor MMS" 
		mcc="272" 
		mnc="03" 
		apn="mms.mymeteor.ie"
		user="my" 
		server="" 
		password="wap" 
		proxy="" 
		port=""
		mmsproxy="010.085.085.085" 
		mmsport="8799" 
		mmsc="http://mms.mymeteor.ie"
		type="mms"
		preferapp="" />
		
  <!-- IE O2 default and MMS -->
	<apn carrier="O2.ie Mobile Internet" 
		mcc="272" 
		mnc="02" 
		apn="internet"
		user="" 
		server="" 
		password="" 
		proxy="062.040.032.040" 
		port="8080"
		mmsproxy="062.040.032.040" 
		mmsport="8080" 
		mmsc="http://mmsc.mms.o2.ie:8002/"
		type=""
		preferapp="" /> 
		
  <!-- IE VDF default-->
	<apn carrier="Vodafone Live!" 
		mcc="272" 
		mnc="01" 
		apn="live.vodafone.com"
		user="" 
		server="" 
		password="" 
		proxy="010.024.059.100" 
		port="80"
		mmsproxy="" 
		mmsport="" 
		mmsc=""
		type="default"
		preferapp="" /> 
  
  <!-- IE VDF MMS-->
	<apn carrier="Vodafone MMS" 
		mcc="272" 
		mnc="01" 
		apn="mms.vodafone.net"
		user="" 
		server="" 
		password="" 
		proxy="" 
		port=""
		mmsproxy="010.024.059.200" 
		mmsport="80" 
		mmsc="http://www.vodafone.ie/mms"
		type="mms"
		preferapp="" />
		
  <!-- CZ O2 default-->
	<apn carrier="O2 internet" 
		mcc="230" 
		mnc="02" 
		apn="internet"
		user="" 
		server="" 
		password="" 
		proxy="" 
		port=""
		mmsproxy="" 
		mmsport="" 
		mmsc=""
		type="default"
		preferapp="" /> 
  
  <!-- CZ O2 MMS-->
	<apn carrier="O2 MMS" 
		mcc="230" 
		mnc="02" 
		apn="mms"
		user="" 
		server="" 
		password="" 
		proxy="" 
		port=""
		mmsproxy="160.218.160.218" 
		mmsport="8080" 
		mmsc="http://mms.o2active.cz:8002"
		type="mms"
		preferapp="" />
  	<apn carrier="t-zones" 
		mcc="230" 
		mnc="01" 
		apn="wap.t-mobile.cz"
		user="wap" 
		server="" 
		password="wap" 
		proxy="010.000.000.010" 
		port="80"
		mmsproxy="" 
		mmsport="" 
		mmsc=""
		type="default"
		preferapp="" />
	<apn carrier="T-Mobile Internet" 
		mcc="230" 
		mnc="01" 
		apn="internet.t-mobile.cz"
		user="wap" 
		server="" 
		password="wap" 
		proxy="" 
		port=""
		mmsproxy="" 
		mmsport="" 
		mmsc=""
		type="default"
		preferapp="" /> 
	<apn carrier="T-Mobile MMS" 
		mcc="230" 
		mnc="01" 
		apn="mms.t-mobile.cz"
		user="mms" 
		server="" 
		password="mms" 
		proxy="" 
		port=""
		mmsproxy="010.000.000.010" 
		mmsport="80" 
		mmsc="http://mms"
		type="mms"
		preferapp="" />	
  	<apn carrier="Vodafone live!" 
		mcc="230" 
		mnc="03" 
		apn="data.vodafone.cz"
		user="wap" 
		server="" 
		password="wap" 
		proxy="010.011.010.011" 
		port="80"
		mmsproxy="" 
		mmsport="" 
		mmsc=""
		type="default"
		preferapp="" />
	<apn carrier="Internet" 
		mcc="230" 
		mnc="03" 
		apn="internet"
		user="" 
		server="" 
		password="" 
		proxy="" 
		port=""
		mmsproxy="" 
		mmsport="" 
		mmsc=""
		type="default"
		preferapp="" /> 
	<apn carrier="MMS" 
		mcc="230" 
		mnc="03" 
		apn="mms"
		user="mms" 
		server="" 
		password="mms" 
		proxy="" 
		port=""
		mmsproxy="010.011.010.111" 
		mmsport="80" 
		mmsc="http://mms"
		type="mms"
		preferapp="" />	
		
  <!-- FR Virgin default-->
	<apn carrier="Virgin mobile WAP" 
		mcc="208" 
		mnc="01" 
		apn="ofnew.fr"
		user="orange" 
		server="" 
		password="orange" 
		proxy="192.168.010.100" 
		port="8080"
		mmsproxy="" 
		mmsport="" 
		mmsc=""
		type="default"
		preferapp="" /> 
  
  <!-- FR Virgin MMS-->
	<apn carrier="Virgin mobile MMS" 
		mcc="208" 
		mnc="01" 
		apn="orange.acte"
		user="orange" 
		server="" 
		password="orange" 
		proxy="" 
		port=""
		mmsproxy="192.168.010.200" 
		mmsport="8080" 
		mmsc="http://mms.orange.fr"
		type="mms"
		preferapp="" />
		
  <!-- GR Cosmote default-->
	<apn carrier="Cosmote WAP" 
		mcc="202" 
		mnc="01" 
		apn="wap"
		user="" 
		server="" 
		password="" 
		proxy="010.010.010.010" 
		port="8080"
		mmsproxy="" 
		mmsport="" 
		mmsc=""
		type="default"
		preferapp="" /> 
  
  	<apn carrier="Cosmote E-mail" 
		mcc="202" 
		mnc="01" 
		apn="internet"
		user="" 
		server="" 
		password="" 
		proxy="" 
		port=""
		mmsproxy="" 
		mmsport="" 
		mmsc=""
		type=""
		preferapp="" /> 
  <!-- GR Cosmote MMS-->
	<apn carrier="Cosmote MMS" 
		mcc="202" 
		mnc="01" 
		apn="mms"
		user="" 
		server="" 
		password="" 
		proxy="" 
		port=""
		mmsproxy="010.010.010.020" 
		mmsport="9201" 
		mmsc="http://mmsc.cosmote.gr:8002"
		type="mms"
		preferapp="" />
		
  <!-- KR LGE MMS-->
	<apn carrier="LGE MMS" 
		mcc="450" 
		mnc="00" 
		apn="qe" 
		user="" 
		server=""
		password="" 
		proxy="" 
		port="" 
		mmsproxy="203.229.247.28" 
		mmsport="8000" 
		mmsc="http://203.229.247.29/lgeqe" 
		type="mms"
		preferapp=""/>
		
  <!-- FI elisa default-->
	<apn carrier="elisa WAP" 
		mcc="244" 
		mnc="05" 
		apn="wap" 
		user="" 
		server=""
		password="" 
		proxy="213.161.040.040" 
		port="80"
		mmsproxy="" 
		mmsport="" 
		mmsc="" 
		type="default"
		preferapp=""/>
		
	<apn carrier="elisa Internet" 
		mcc="244" 
		mnc="05" 
		apn="internet" 
		user="" 
		server=""
		password="" 
		proxy="" 
		port=""
		mmsproxy="" 
		mmsport="" 
		mmsc="" 
		type="default"
		preferapp=""/>	
		
  <!-- FI elisa MMS-->
	<apn carrier="elisa MMS" 
		mcc="244" 
		mnc="05" 
		apn="mms" 
		user="" 
		server=""
		password="" 
		proxy="" 
		port="" 
		mmsproxy="213.161.041.057" 
		mmsport="80" 
		mmsc="http://mms.elisa.fi" 
		type="mms"
		preferapp=""/>
		
 <!-- FI dna default--> 		
  	<apn carrier="dna WAP" 
		mcc="244" 
		mnc="12" 
		apn="wap" 
		user="" 
		server=""
		password="" 
		proxy="010.001.001.001" 
		port="8080"
		mmsproxy="" 
		mmsport="" 
		mmsc="" 
		type="default"
		preferapp=""/>
		
	<apn carrier="dna Internet" 
		mcc="244" 
		mnc="12" 
		apn="internet" 
		user="" 
		server=""
		password="" 
		proxy="" 
		port=""
		mmsproxy="" 
		mmsport="" 
		mmsc="" 
		type="default"
		preferapp=""/>	
		
  <!-- FI elisa MMS-->
	<apn carrier="dna MMS" 
		mcc="244" 
		mnc="12" 
		apn="mms" 
		user="" 
		server=""
		password="" 
		proxy="" 
		port="" 
		mmsproxy="010.001.001.002" 
		mmsport="8080" 
		mmsc="http://mmsc.dnafinland.fi" 
		type="mms"
		preferapp=""/>	
		
  <!-- FI Saunalahti default--> 		
  	<apn carrier="Saunalahti WAP" 
		mcc="244" 
		mnc="21" 
		apn="wap.saunalahti.fi" 
		user="" 
		server=""
		password="" 
		proxy="062.142.004.197" 
		port="8080"
		mmsproxy="" 
		mmsport="" 
		mmsc="" 
		type="default"
		preferapp=""/>
		
	<apn carrier="Saunalahti Internet" 
		mcc="244" 
		mnc="21" 
		apn="internet.saunalahti" 
		user="" 
		server=""
		password="" 
		proxy="" 
		port=""
		mmsproxy="" 
		mmsport="" 
		mmsc="" 
		type="default"
		preferapp=""/>	
		
  <!-- FI elisa MMS-->
	<apn carrier="Saunalahti MMS" 
		mcc="244" 
		mnc="21" 
		apn="mms.saunalahti.fi" 
		user="" 
		server=""
		password="" 
		proxy="" 
		port="" 
		mmsproxy="062.142.004.197" 
		mmsport="8080" 
		mmsc="http://mms.saunalahti.fi:8002/" 
		type="mms"
		preferapp=""/>	
	<apn carrier="Saunalahti Email" 
		mcc="244" 
		mnc="21" 
		apn="mms.saunalahti.fi" 
		user="" 
		server=""
		password="" 
		proxy="" 
		port="" 
		mmsproxy="" 
		mmsport="" 
		mmsc="" 
		type="default"
		preferapp=""/>	
  <!-- FI SONERA default and MMS --> 		
  	<apn carrier="Sonera WAP" 
		mcc="244" 
		mnc="91" 
		apn="wap.sonera.net" 
		user="" 
		server=""
		password="" 
		proxy="195.156.025.004" 
		port="8080"
		mmsproxy="195.156.025.033" 
		mmsport="8080" 
		mmsc="http://mms.sonera.fi:8002" 
		type=""
		preferapp=""/>
		
	<apn carrier="Sonera Internet" 
		mcc="244" 
		mnc="91" 
		apn="internet" 
		user="" 
		server=""
		password="" 
		proxy="" 
		port=""
		mmsproxy="" 
		mmsport="" 
		mmsc="" 
		type="default"
		preferapp=""/>	
		
  <!-- BELGIUM Base default-->
	<apn carrier="BASE WAP" 
		mcc="206" 
		mnc="20" 
		apn="gprs.base.be" 
		user="base" 
		server=""
		password="base" 
		proxy="172.031.198.037" 
		port="5080"
		mmsproxy="" 
		mmsport="" 
		mmsc="" 
		type="default"
		preferapp=""/>
		
  <!-- BELGIUM Base MMS-->
	<apn carrier="Base MMS" 
		mcc="206" 
		mnc="20" 
		apn="mms.base.be" 
		user="base" 
		server=""
		password="base" 
		proxy="" 
		port="" 
		mmsproxy="217.072.235.0018" 
		mmsport="8080" 
		mmsc="http://mmsc.base.be" 
		type="mms"
		preferapp=""/>

	  <!-- BELGIUM Mobistar DEFAULT-->
	<apn carrier="Orange World" 
		mcc="206" 
		mnc="10" 
		apn="mworld.be" 
		user="" 
		server=""
		password="" 
		proxy="212.065.063.143" 
		port="8080"
		mmsproxy="" 
		mmsport="" 
		mmsc="" 
		type="default"
		preferapp=""/>

	<apn carrier="VOX GPRS" 
		mcc="206" 
		mnc="10" 
		apn="vox.lu" 
		user="" 
		server=""
		password="" 
		proxy="212.088.139.044" 
		port="8080"
		mmsproxy="212.088.139.044" 
		mmsport="8080" 
		mmsc="http://mms.vox.lu" 
		type=""
		preferapp=""/>	
  <!-- BELGIUM Mobistar MMS -->
	<apn carrier="Mobistar MMS" 
		mcc="206" 
		mnc="10" 
		apn="mms.be" 
		user="" 
		server=""
		password="" 
		proxy="" 
		port="" 
		mmsproxy="212.065.063.143" 
		mmsport="8080" 
		mmsc="http://mmsc.mobistar.be" 
		type="mms"
		preferapp=""/>

	<!-- BELGIUM Proximus Default-->
	<apn carrier="Px Live" 
		mcc="206" 
		mnc="01" 
		apn="wap.proximus.be" 
		user="wap" 
		server=""
		password="wap" 
		proxy="010.253.007.003" 
		port="8080"
		mmsproxy="" 
		mmsport="" 
		mmsc="" 
		type="default"
		preferapp=""/>
		
  <!-- BELGIUM Proximus MMS-->
	<apn carrier="Px MMS" 
		mcc="206" 
		mnc="01" 
		apn="EVENT.PROXIMUS.BE" 
		user="mms" 
		server=""
		password="mms" 
		proxy="" 
		port="" 
		mmsproxy="010.055.014.075" 
		mmsport="8080" 
		mmsc="http://mmsc.proximus.be/mms" 
		type="mms"
		preferapp=""/>

	<!-- DENMARK 3DK Default-->
	<apn carrier="3" 
		mcc="238" 
		mnc="06" 
		apn="data.tre.dk" 
		user="" 
		server=""
		password="" 
		proxy="" 
		port=""
		mmsproxy="mmsproxy.3.dk" 
		mmsport="8799" 
		mmsc="http://mms.3.dk" 
		type=""
		preferapp=""/>

	<!-- DENMARK Call me Default-->
	<apn carrier="Call me GPRS" 
		mcc="238" 
		mnc="20" 
		apn="webSP" 
		user="" 
		server=""
		password="" 
		proxy="062.044.158.029" 
		port="8080"
		mmsproxy="" 
		mmsport="" 
		mmsc="" 
		type="default"
		preferapp=""/>
		
  <!-- DENMARK Call me MMS-->
	<apn carrier="Call me MMS" 
		mcc="238" 
		mnc="20" 
		apn="mmsSP" 
		user="" 
		server=""
		password="" 
		proxy="" 
		port="" 
		mmsproxy="193.209.134.131" 
		mmsport="8080" 
		mmsc="http://mms.telia.dk" 
		type="mms"
		preferapp=""/>
	<!-- DENMARK CBB Mobil Default-->
	<apn carrier="CBB WAP GPRS" 
		mcc="238" 
		mnc="02" 
		apn="internet" 
		user="" 
		server=""
		password="" 
		proxy="212.088.064.008" 
		port="8080"
		mmsproxy="" 
		mmsport="" 
		mmsc="" 
		type="default"
		preferapp=""/>
		
  <!-- DENMARK CBB Mobil MMS-->
	<apn carrier="CBB MMS" 
		mcc="238" 
		mnc="02" 
		apn="sonofon" 
		user="" 
		server=""
		password="" 
		proxy="" 
		port="" 
		mmsproxy="212.088.064.008" 
		mmsport="8080" 
		mmsc="http://mms.sonofon.dk" 
		type="mms"
		preferapp=""/>
	<!-- DENMARK DLG Tele Default-->
	<apn carrier="DLG Tele GPRS" 
		mcc="238" 
		mnc="20" 
		apn="webSP" 
		user="" 
		server=""
		password="" 
		proxy="" 
		port=""
		mmsproxy="" 
		mmsport="" 
		mmsc="" 
		type="default"
		preferapp=""/>
		
  <!-- DENMARK DLG Tele MMS-->
	<apn carrier="DLG Tele MMS" 
		mcc="238" 
		mnc="20" 
		apn="mmsSP" 
		user="" 
		server=""
		password="" 
		proxy="" 
		port="" 
		mmsproxy="193.209.134.131" 
		mmsport="8080" 
		mmsc="http://mms.telia.dk" 
		type="mms"
		preferapp=""/>
	
	<apn carrier="Telia SurfPort GPRS" 
		mcc="238" 
		mnc="30" 
		apn="www.internet.mtelia.dk" 
		user="" 
		server=""
		password="" 
		proxy="" 
		port=""
		mmsproxy="" 
		mmsport="" 
		mmsc="" 
		type="default"
		preferapp=""/>
	<apn carrier="DLG Tele MMS" 
		mcc="238" 
		mnc="30" 
		apn="www.mms.mtelia.dk" 
		user="" 
		server=""
		password="" 
		proxy="" 
		port="" 
		mmsproxy="193.209.134.131" 
		mmsport="8080" 
		mmsc="http://mms.telia.dk" 
		type="mms"
		preferapp=""/>
	<!-- DENMARK TDC Default-->
	<apn carrier="TDC WAP" 
		mcc="238" 
		mnc="01" 
		apn="wap" 
		user="" 
		server=""
		password="" 
		proxy="194.182.251.015" 
		port="8080"
		mmsproxy="" 
		mmsport="" 
		mmsc="" 
		type="default"
		preferapp=""/>
		
  <!-- DENMARK TDC MMS-->
	<apn carrier="TDC MMS" 
		mcc="238" 
		mnc="01" 
		apn="mms" 
		user="" 
		server=""
		password="" 
		proxy="" 
		port="" 
		mmsproxy="194.182.251.015" 
		mmsport="8080" 
		mmsc="http://192.168.241.114:8002" 
		type="mms"
		preferapp=""/>

	<!-- DENMARK Telenor Default-->
	<apn carrier="Telenor WAP" 
		mcc="238" 
		mnc="02" 
		apn="internet" 
		user="" 
		server=""
		password="" 
		proxy="" 
		port=""
		mmsproxy="" 
		mmsport="" 
		mmsc="" 
		type="default"
		preferapp=""/>
		
  <!-- DENMARK Telenor MMS-->
	<apn carrier="Telenor MMS" 
		mcc="238" 
		mnc="02" 
		apn="telenor" 
		user="" 
		server=""
		password="" 
		proxy="" 
		port="" 
		mmsproxy="212.088.064.008" 
		mmsport="8080" 
		mmsc="http://mms.telenor.dk" 
		type="mms"
		preferapp=""/>
	
	<!-- DENMARK Telia Default-->
	<apn carrier="Telia SurfPort GPRS" 
		mcc="238" 
		mnc="20" 
		apn="www.internet.mtelia.dk" 
		user="" 
		server=""
		password="" 
		proxy="" 
		port=""
		mmsproxy="" 
		mmsport="" 
		mmsc="" 
		type="default"
		preferapp=""/>
		
  <!-- DENMARK Telia MMS-->
	<apn carrier="Telia MMS" 
		mcc="238" 
		mnc="20" 
		apn="www.mms.mtelia.dk" 
		user="" 
		server=""
		password="" 
		proxy="" 
		port="" 
		mmsproxy="193.209.134.131" 
		mmsport="8080" 
		mmsc="http://mms.telia.dk" 
		type="mms"
		preferapp=""/>
	
	<!-- DENMARK Telmore Default-->
	<apn carrier="Telmore WAP" 
		mcc="238" 
		mnc="01" 
		apn="wap" 
		user="" 
		server=""
		password="" 
		proxy="194.182.251.015" 
		port="8080"
		mmsproxy="" 
		mmsport="" 
		mmsc="" 
		type="default"
		preferapp=""/>
		
  <!-- DENMARK Telmore MMS-->
	<apn carrier="Telmore MMS" 
		mcc="238" 
		mnc="01" 
		apn="mms" 
		user="" 
		server=""
		password="" 
		proxy="" 
		port="" 
		mmsproxy="194.182.251.015" 
		mmsport="8080" 
		mmsc="http://192.168.241.114:8002" 
		type="mms"
		preferapp=""/>
	<!--Norway Chess WAP-->
	<apn carrier="Chess Mobil" 
		mcc="242" 
		mnc="02" 
		apn="netcom"
		user="" 
		server="" 
		password="" 
		proxy="010.254.254.010" 
		port="8080"
		mmsproxy="" 
		mmsport="" 
		mmsc=""
		type="default"
		preferapp="" /> 

	<!--NORWAY CHESS MMS-->
	<apn carrier="Chess MMS" 
		mcc="242" 
		mnc="02" 
		apn="mms.netcom.no" 
		user="mms" 
		server=""
		password="netcom" 
		proxy="" 
		port="" 
		mmsproxy="212.169.066.004" 
		mmsport="8080" 
		mmsc="http://mm/" 
		type="mms"
		preferapp=""/>

	<!--Norway Netcom WAP-->
	<apn carrier="NetCom Mobil" 
		mcc="242" 
		mnc="02" 
		apn="netcom"
		user="" 
		server="" 
		password="" 
		proxy="010.254.254.010" 
		port="8080"
		mmsproxy="" 
		mmsport="" 
		mmsc=""
		type="default"
		preferapp="" /> 

	<!--NORWAY Netcom MMS-->
	<apn carrier="NetCom MMS" 
		mcc="242" 
		mnc="02" 
		apn="mms.netcom.no" 
		user="mms" 
		server=""
		password="netcom" 
		proxy="" 
		port="" 
		mmsproxy="212.169.066.004" 
		mmsport="8080" 
		mmsc="http://mm/" 
		type="mms"
		preferapp=""/>

	<!--Norway Tele2 WAP-->
	<apn carrier="Tele2 WAP" 
		mcc="242" 
		mnc="02" 
		apn="internet.tele2.no"
		user="" 
		server="" 
		password="" 
		proxy="130.244.196.090" 
		port="8080"
		mmsproxy="" 
		mmsport="" 
		mmsc=""
		type="default"
		preferapp="" /> 

	<!--NORWAY Tele2 MMS-->
	<apn carrier="Tele2 MMS" 
		mcc="242" 
		mnc="02" 
		apn="mms.tele2.no" 
		user="" 
		server=""
		password="" 
		proxy="" 
		port="" 
		mmsproxy="193.012.040.014" 
		mmsport="8080" 
		mmsc="http://mmsc.tele2.no" 
		type="mms"
		preferapp=""/>

	<!--Norway Telenor WAP-->
	<apn carrier="Entry" 
		mcc="242" 
		mnc="01" 
		apn="telenor"
		user="" 
		server="" 
		password="" 
		proxy="010.010.010.010" 
		port="8080"
		mmsproxy="010.010.010.011" 
		mmsport="8080" 
		mmsc="http://mmsc/" 
		type=""
		preferapp="" /> 

 <!-- NL AH_Mobiel default-->
	<apn carrier="AH Mobiel Internet"
		mcc="204" 
		mnc="12" 
		apn="multimedia.ah.nl"
		user="" 
		server="" 
		password="" 
		proxy="193.113.200.195" 
		port="8080"
		mmsproxy="193.113.200.195" 
		mmsport="8080" 
		mmsc="http://mms"
		type=""
		preferapp="" /> 

  <!-- NL KPN default-->
	<apn carrier="Mobiel Internet"
		mcc="204" 
		mnc="08" 
		apn="portalmmm.nl"
		user="" 
		server="" 
		password="" 
		proxy="010.010.100.020" 
		port="5080"
		mmsproxy="010.010.100.020" 
		mmsport="5080" 
		mmsc="http://mp.mobiel.kpn/mmsc"
		type=""
		preferapp="" /> 

	 <!-- NL KPN default-->
	<apn carrier="Mobiel Internet"
		mcc="204" 
		mnc="12" 
		apn="portalmmm.nl"
		user="" 
		server="" 
		password="" 
		proxy="010.010.100.020" 
		port="5080"
		mmsproxy="010.010.100.020" 
		mmsport="5080" 
		mmsc="http://mp.mobiel.kpn/mmsc"
		type=""
		preferapp="" /> 
		
  <!-- NL Rabo Mobiel default-->
	<apn carrier="Rabo Mobiel Int"
		mcc="204" 
		mnc="08" 
		apn="rabo"
		user="" 
		server="" 
		password="" 
		proxy="" 
		port=""
		mmsproxy="010.010.100.010" 
		mmsport="5080" 
		mmsc="http://mp.mobiel.kpn/mmsc"
		type=""
		preferapp="" /> 

	<!--Netherland T-Mobile WAP-->
	<apn carrier="web'n'walk" 
		mcc="204" 
		mnc="16" 
		apn="internet"
		user="" 
		server="" 
		password="" 
		proxy="" 
		port=""
		mmsproxy="" 
		mmsport="" 
		mmsc=""
		type="default"
		preferapp="" /> 

	<!--Netherland T-Mobile MMS-->
	<apn carrier="T-Mobile MMS" 
		mcc="204" 
		mnc="16" 
		apn="telenor" 
		user="tmobilemms" 
		server=""
		password="tmobilemms" 
		proxy="" 
		port="" 
		mmsproxy="010.010.010.011" 
		mmsport="8080" 
		mmsc="http://t-mobilemms" 
		type="mms"
		preferapp="" />

	<!--Netherland T-Mobile WAP-->
	<apn carrier="web'n'walk" 
		mcc="204" 
		mnc="20" 
		apn="internet"
		user="" 
		server="" 
		password="" 
		proxy="" 
		port=""
		mmsproxy="" 
		mmsport="" 
		mmsc=""
		type="default"
		preferapp="" /> 

	<!--Netherland T-Mobile MMS-->
	<apn carrier="T-Mobile MMS" 
		mcc="204" 
		mnc="20" 
		apn="telenor" 
		user="tmobilemms" 
		server=""
		password="tmobilemms" 
		proxy="" 
		port="" 
		mmsproxy="010.010.010.011" 
		mmsport="8080" 
		mmsc="http://t-mobilemms" 
		type="mms"
		preferapp=""/>

	<!--Netherland Tele2 WAP-->
	<apn carrier="Tele2 GPRS" 
		mcc="204" 
		mnc="02" 
		apn="internet.tele2.nl"
		user="" 
		server="" 
		password="" 
		proxy="8080" 
		port="130.244.196.090"
		mmsproxy="193.012.040.064" 
		mmsport="8080" 
		mmsc="http://mmsc.tele2.nl" 
		type=""
		preferapp="" /> 

	<!--Netherland Telfort WAP-->
	<apn carrier="Telfort Spot" 
		mcc="204" 
		mnc="12" 
		apn="internet"
		user="" 
		server="" 
		password="" 
		proxy="8080" 
		port="193.113.200.195"
		mmsproxy="193.113.200.195" 
		mmsport="8080" 
		mmsc="http://mms" 
		type=""
		preferapp="" /> 

	<!--Netherland Telfort WAP-->
	<apn carrier="Telfort Spot" 
		mcc="204" 
		mnc="08" 
		apn="internet"
		user="" 
		server="" 
		password="" 
		proxy="8080" 
		port="193.113.200.195"
		mmsproxy="193.113.200.195" 
		mmsport="8080" 
		mmsc="http://mms" 
		type=""
		preferapp="" /> 

	<!--Netherland Vodafone WAP-->
	<apn carrier="Vodafone Live!" 
		mcc="204" 
		mnc="04" 
		apn="live.vodafone.comt"
		user="vodafone" 
		server="" 
		password="vodafone" 
		proxy="8799" 
		port="192.168.251.150"
		mmsproxy="" 
		mmsport="" 
		mmsc=""
		type="default"
		preferapp="" /> 

	<!--Netherland Vodafone MMS-->
	<apn carrier="Vodafone MMS" 
		mcc="204" 
		mnc="04" 
		apn="live.vodafone.com" 
		user="vodafone" 
		server=""
		password="vodafone" 
		proxy="" 
		port="" 
		mmsproxy="192.168.251.150" 
		mmsport="8799" 
		mmsc="http://mmsc.mms.vodafone.nl" 
		type="mms"
		preferapp=""/>

	<!--Greece Vodafone WAP1-->
	<apn carrier="Vf live!" 
		mcc="202" 
		mnc="05" 
		apn="wap.vodafone.gr"
		user="user" 
		server="" 
		password="pass" 
		proxy="5080" 
		port="213.249.019.049"
		mmsproxy="" 
		mmsport="" 
		mmsc=""
		type="default"
		preferapp="" />
		
	<!--Greece Vodafone WAP2-->
	<apn carrier="Vf live! Prepay" 
		mcc="202" 
		mnc="05" 
		apn="wapkarta.vodafone.gr"
		user="user" 
		server="" 
		password="pass" 
		proxy="5080" 
		port="213.249.019.049"
		mmsproxy="" 
		mmsport="" 
		mmsc=""
		type="default"
		preferapp="" /> 

	<!--Greece Vodafone WAP3-->
	<apn carrier="Vodafone Internet" 
		mcc="202" 
		mnc="05" 
		apn="internet.vodafone.gr"
		user="user" 
		server="" 
		password="pass" 
		proxy="" 
		port=""
		mmsproxy="" 
		mmsport="" 
		mmsc=""
		type="default"
		preferapp="" /> 
	

	<!--Greece Vodafone MMS-->
	<apn carrier="Vf MMS" 
		mcc="202" 
		mnc="05" 
		apn="mms.vodafone.net" 
		user="user" 
		server=""
		password="pass" 
		proxy="" 
		port="" 
		mmsproxy="213.249.019.049" 
		mmsport="5080" 
		mmsc="http://mms.vodafone.gr" 
		type="mms"
		preferapp=""/>

		<!--Greece Wind WAP-->
	<apn carrier="WIND Plus" 
		mcc="202" 
		mnc="10" 
		apn="gwap.b-online.gr"
		user="" 
		server="" 
		password="" 
		proxy="192.168.200.010" 
		port="9401"
		mmsproxy="" 
		mmsport="" 
		mmsc=""
		type="default"
		preferapp="" /> 
	<apn carrier="WIND E-mail" 
		mcc="202" 
		mnc="10" 
		apn="gint.b-online.gr"
		user="" 
		server="" 
		password="" 
		proxy="" 
		port=""
		mmsproxy="" 
		mmsport="" 
		mmsc=""
		type=""
		preferapp="" /> 
	

	<!--Greece Wind MMS-->
	<apn carrier="WIND MMS" 
		mcc="202" 
		mnc="10" 
		apn="mnet.b-online.gr" 
		user="" 
		server=""
		password="" 
		proxy="" 
		port="" 
		mmsproxy="192.168.200.011" 
		mmsport="9401" 
		mmsc="http://192.168.200.95/servlets/mms" 
		type="mms"
		preferapp=""/>

	<!--Netherland Tele2 WAP & MMS-->
	<apn carrier="Tele2 GPRS" 
		mcc="204" 
		mnc="07" 
		apn="internet.tele2.nl"
		user="" 
		server="" 
		password="" 
		proxy="130.244.196.090" 
		port="8080"
		mmsproxy="193.012.040.064" 
		mmsport="8080" 
		mmsc="http://mmsc.tele2.nl"
		type=""
		preferapp="" />
		
	<apn carrier="SKT" 
		mcc="450" 
		mnc="05" 
		apn="nate.sktelecom.com"
		user="" 
		server="*" 
		password="" 
		proxy="" 
		port="80" 
		mmsproxy=""
		mmsport="" 
		mmsc="" 
		type="default"
		preferapp="" />

	<apn carrier="KTF" 
		mcc="450" 
		mnc="08" 
		apn="default.ktfwing.com"
		user="" 
		server="*" 
		password="" 
		proxy="" 
		port="80" 
		mmsproxy=""
		mmsport="" 
		mmsc="" 
		type="default"
		preferapp="" /> 

	<!-- hopemini@lge.com, Emulator -->

    <apn carrier="TelKila"
        mcc="310"
        mnc="260"
        apn="internet"
        user="*"
        server="*"
        password="*"
        mmsc="null" />
	<apn carrier="Orange France" 
		mcc="208" 
		mnc="01" 
		apn="orange"
		user="orange" 
		server="" 
		password="orange" 
		proxy="" 
		port="80"
		mmsproxy="" 
		mmsport="" 
		mmsc="" />

	<apn carrier="VF DE Web" 
		mcc="262" 
		mnc="02" 
		apn="web.vodafone.de"
		user="guest" 
		server="" 
		password="guest" 
		proxy="" 
		port="80" 
		mmsproxy=""
		mmsport="" 
		mmsc="" />

	<apn carrier="VF Spain" 
		mcc="214" 
		mnc="01" 
		apn="airtelnet.es"
		user="vodafone" 
		server="" 
		password="vodafone" 
		proxy="" 
		port="9201"
		mmsproxy="" 
		mmsport="" 
		mmsc="" />

	<apn carrier="Telefonica(Movistar)" 
		mcc="214" 
		mnc="07"
		apn="movistar.es" 
		user="movistar" 
		server="" 
		password="movistar"
		proxy="" 
		port="9201" 
		mmsproxy="" 
		mmsport="" 
		mmsc="" />

	<apn carrier="LGE" 
		mcc="450" 
		mnc="00" 
		apn="tbt" 
		user="" 
		server=""
		password="" 
		proxy="" 
		port="80" 
		mmsproxy="" 
		mmsport="" 
		mmsc="" />

    <apn carrier="Cingular 410"
         mcc="310"
         mnc="410"
         apn="wap.cingular"
         user="WAP@CINGULARGPRS.COM"
         server="cingulargprs.com"
         password="CINGULAR1"
         mmsc="http://mmsc.cingular.com/" />

    <apn carrier="Cingular 170 Pacific Bell"
         mcc="310"
         mnc="170"
         apn="wap.cingular"
         user="WAP@CINGULARGPRS.COM"
         server="cingulargprs.com"
         password="CINGULAR1"
         mmsc="http://mmsc.cingular.com/" />

    <apn carrier="Cingular 380 ATT"
         mcc="310"
         mnc="380"
         apn="proxy"
         user="*"
         server="*"
         password="*"
         mmsc="http://mmsc.cingular.com/" />

    <!-- TODO: add mms, proxy settings. -->
    <apn carrier="Rogers"
         mcc="302"
         mnc="720"
         apn="internet.com"
         user="guest"
         password="guest" />

    <apn carrier="Chunghwa"
         mcc="466"
         mnc="92"
         apn="internet"
         user="*"
         server="*"
         password="*"
         mmsc="null" />

    <apn carrier="TWN GSM"
         mcc="466"
         mnc="97"
         apn="internet"
         user="*"
         server="*"
         password="*"
         mmsc="null" />

    <apn carrier="Far EasTone"
         mcc="466"
         mnc="01"
         apn="internet"
         user="*"
         server="*"
         password="*"
         mmsc="null" />

    <apn carrier="KGT-Online"
         mcc="466"
         mnc="88"
         apn="internet"
         user="*"
         server="*"
         password="*"
         mmsc="null" />

    <apn carrier="India Hutch"
         mcc="404"
         mnc="86"
         apn="portalnmms"
         user="*"
         server="*"
         password="*"
         proxy="10.10.1.100"
         port="9401"
         mmsc="http://mms1.hutchworld.co.in/mms/" />

    <apn carrier="SFR"
         mcc="208"
         mnc="10"
         apn="websfr"
         user="*"
         server="*"
         password="*"
         proxy="195.115.25.129"
         port="8080"
         mmsc="null" />

    <apn carrier="Vodafone UK"
         mcc="234"
         mnc="15"
         apn="internet"
         user="web"
         server="user"
         password="*"
         mmsc="null" />

    <apn carrier="IL Orange"
         mcc="425"
         mnc="01"
         apn="internet"
         user="*"
         server="*"
         password="*"
         mmsc="null" />

    <apn carrier="IL Cellcom"
         mcc="425"
         mnc="02"
         apn="internetg"
         user="*"
         server="*"
         password="*"
         mmsc="null" />

    <apn carrier="IL Pelephone"
         mcc="425"
         mnc="03"
         apn="internet"
         user="*"
         server="*"
         password="*"
         mmsc="null" />

    <apn carrier="Jawwal Palestine"
         mcc="425"
         mnc="05"
         apn="internet"
         user="*"
         server="*"
         password="*"
         mmsc="null" />

   <apn carrier="Swisscom GPRS"
        mcc="228"
        mnc="01"
        apn="gprs.swisscom.ch"
        user="*"
        server="*"
        password="*"
        mmsc="null" />

   <apn carrier="ERA"
        mcc="260"
        mnc="02"
        apn="erainternet"
        user="erainternet"
        server=""
        password="erainternet"
        mmsc="null" />

    <apn carrier="CMCC"
       mcc="460"
       mnc="00"
       apn="cmwap"
       user="*"
       server="*"
       password="*"
       proxy="10.0.0.172"
       port="80"
       mmsc="http://mmsc.monternet.com" />

    <apn carrier="Android"
        mcc="310"
        mnc="995"
        apn="internet"
        user="*"
        server="*"
        password="*"
        mmsc="null" />

    <!-- Verizon default-->
    <apn carrier="VZW" 
        mcc="204" 
        mnc="04" 
        apn="emgsm.vzw3g.com"
        user="" 
        server="" 
        password="" 
        proxy="" 
        port=""
        mmsproxy="" 
        mmsport="" 
        mmsc=""
        type="default"
        preferapp="" /> 

</apns>
